Название видео,Название канала,Длительность видео
I/O '25 in under 10 minutes,Google,10:00
Ян Зубков «ЧЕРНЫЙ СТЕНДАП»,Ян Зубков,38:49
Катя Котофеева | Выступление на шоу «Женский Стендап» | 6 сезон 7 серия,Катя Котофеева,8:25
Главная Загадка Второй Мировой.,Другая История,12:05
"Рассекречено. Тайные операции ЦРУ - Пересмешник, Кеннеди, Залив Свиней, Нортвудс и другие!",Другая История,12:48
Финал БЕЗ ФУТБОЛА. Тоттенхэм – Манчестер Юнайтед [Лига Европы],Портье Дрогба,8:36
Franz Hermann is back 🤣,P1 with Matt & Tommy,1:10
Мой главный враг,Александр Панчин,41:24
"Windsurf CEO: Betting On AI Agents, Pivoting In 48 Hours, And The Future of Coding",Y Combinator,52:36
The Secret AI Prompt Tool Silicon Valley Engineers Are Using,The Next Wave - AI and the Future of Technology,37:55
"Как закончился «Манчестер Сити», взявший требл [Смерть больших команд]",Портье Дрогба,19:07
Почему принимать витамины бесполезно и опасно?,Ирина Якутенко,32:12
"Ошибки, которые изменили ход Истории.",Другая История,12:23
Имола 2025 Обзор гонки,Самые слики,29:52
How AI Coding Agents Will Change Your Job,Y Combinator,19:12
AI Now Tells VCs What To Invest In (Crunchbase CEO Explains),The Next Wave - AI and the Future of Technology,34:49
Revolutionizing AI assistants with the Gemini API,Google for Developers,1:54
Introducing the World's First Full Agentic Download Agent & AI Drive!,Genspark,2:19
The Mental Health AI Chatbot Made for Real Life | Alison Darcy | TED,TED,13:36
DeepMind’s AlphaEvolve AI: History In The Making!,Two Minute Papers,7:36
3D-печать сердца: будущее уже здесь?,Александр Панчин,1:13
Pillow Talk with Charles Leclerc,GQ Sports,1:01
Ман Сити без трофеев. Боруссия доехала до ЛЧ. Страдания по Скудетто [ИСТОРИИ],Портье Дрогба,12:45
Скоро Монако!,Гаснут Огни,23:54
Имола’25 Итоги гонки,Гаснут Огни,11:53
Fixing papercuts with Codex,OpenAI,2:49
A research preview of Codex in ChatGPT,OpenAI,23:05
"AI NEWS: Self-learning AI, Crazy AI Ads, and More ChatGPT Updates",Matt Wolfe,24:23
СССР. Как потерять власть @posle_zavtra,Послезавтра,36:28
Редакция News: 169-я неделя,Редакция,56:33
Барса – чемпион! Где ждать Виртца? Первый трофей Итальяно. Гонка за топ-5 в АПЛ [Новости недели],Портье Дрогба,15:08
Sexuality Professor Answers Dating Questions | Tech Support | WIRED,WIRED,19:33
Имола’25 Итоги субботы,Гаснут Огни,9:15
Итоги 1/4 сезона Ф1 2025,Гаснут Огни,2:15:16
Провал Капитана Америка 4 и Новый Скандал - Разбор новостей Marvel!,Marvel/DC: Geek Movies,10:01
Капитан Америка 4 - Разбор фильма. Все вырезанные сцены и другая концовка!,Marvel/DC: Geek Movies,11:36
Капитан Америка 4 - Обзор фильма. Худший фильм Marvel?,Marvel/DC: Geek Movies,11:26
Скандал в Marvel - Энтони Маки убил шансы Капитана Америки 4. Разбор новостей Marvel!,Marvel/DC: Geek Movies,10:13
Sexuality Professor Answers Dating Questions | Tech Support | WIRED,WIRED,19:33
Итоги 1/4 сезона Ф1 2025,Гаснут Огни,2:15:16
NYC Vibe Coding Event -- Powered by Manus,Manus AI,1:03
OpenAI’s ChatGPT Surprised Even Its Creators!,Two Minute Papers,8:50
Guenther Steiner Ranks the 2025 F1 Drivers!,The Red Flags Podcast,15:29
"Американский профессор предупреждает о катастрофе! Искусственный интеллект опаснее, чем мы думаем",А поговорить?,1:35:42
New AI: Impossible Creatures Come Alive!,Two Minute Papers,7:33
Научный разбор видеоигр,Александр Панчин,45:44
Редакция News: 168-я неделя,Редакция,52:10
Introducing AI Meeting Notes,Notion,1:21
Introducing Enterprise Search,Notion,1:29
Personalize ChatGPT with custom instructions,OpenAI,2:10
"AI NEWS: GPT User-Guide, Insane Video Effects, Massive Leap in Coding Abilities & More",Matt Wolfe,25:23
NVIDIA’s New AI: Impossible Video Game Animations!,Two Minute Papers,7:15
"I Uploaded 1,000 McKinsey Slides to ChatGPT. Here's What I learned.",Analyst Academy,9:23
The Insane Business of Chess (feat. GothamChess),Athletic Interest,10:29
"Громовержцы - Разбор фильма. Вырезанные сцены, Отсылки, Пасхалки и другой финал!",Marvel/DC: Geek Movies,11:37
Громовержцы - Разбор фильма и сцен после титров. Тизер Думсдея и Фантастической Четверки!,Marvel/DC: Geek Movies,10:32
Громовержцы - Обзор фильма. ЛУЧШИЙ фильм Марвел с 2021 года!,Marvel/DC: Geek Movies,11:31
Мактоминей – герой Неаполя. У Барселоны золотой дубль. Покер Сёрлота [ИСТОРИИ],Портье Дрогба,12:38
Документ АНБ: в древнем кодексе майя скрыт компьютер - ВЕРСАДОКО,Версадоко,20:29
Скоро Имола!,Гаснут Огни,25:04
Gemini in Google Sheets demo,Google Workspace,3:20
AI Personal Tutor for Everyone,Y Combinator,1:24
Comedy Club: Самый дорогой монолог | Андрей Бебуришвили @TNT_television ​,ТНТ,11:27
Джон Кеннеди - Рассекреченные фото. Разбор новых документов и изображений сцены преступления!,Другая История,11:31
Точка отсчёта: КЕВИН ДЕ БРЮЙНЕ. Когда он стал звездой,Портье Дрогба,17:26
"The Side of Lewis Hamilton You Don't See: F1 Insiders, Russell & Ocon Reveal the Truth",High Performance,8:15
McLaren’s GENIUS Tyre Trick Explained,Driver61,8:57
Anthony Edwards Replies To Fans Online | Actually Me,GQ Sports,7:58
🤯🤬 ЭТО БЫЛ ПЛАН!? ОН УНИЧТОЖАЛ ДАЛЛАС 3 ГОДА! НИКО ХАРРИСОН НЕНАВИДЕЛ ДОНЧИЧА? АД ВНУТРИ КОМАНДЫ!,Top Basket,24:37
How To Use Ai Avatars In Your Business (Full Guide),The Next Wave - AI and the Future of Technology,52:19
The Secret AI Prompt Tool Silicon Valley Engineers Are Using,The Next Wave - AI and the Future of Technology,37:55
Опять Доннарумма! Хорошие мальчики Артеты и холодный Париж [Лига чемпионов],Портье Дрогба,9:51
How To Get The Most Out Of Vibe Coding | Startup School,Y Combinator,16:40
The Next Breakthrough In AI Agents Is Here,Y Combinator,8:30
